{
  "IsEncrypted": false,
  "Values": {
    "WEBSITE_SLOT_NAME": "Production",
    "FUNCTIONS_EXTENSION_VERSION": "~2",
    "ScmType": "None",
    "WEBSITE_AUTH_ENABLED": "False",
    "REMOTEDEBUGGINGVERSION": "16.0.28729.10",
    "FUNCTIONS_RUNTIME_SCALE_MONITORING_ENABLED": "0",
    "AzureWebJobsDashboard": "DefaultEndpointsProtocol=https;AccountName=newbofunctiontable;AccountKey=/dsYUGar8dOMpsYOa9bBnYJX2rHYt29KsVBgSYFY6AzjV8B9VLSU6pogLsQjse5HX2z0kkNW8PZKT+C5sD1SBA==;EndpointSuffix=core.chinacloudapi.cn",
    "WEBSITE_NODE_DEFAULT_VERSION": "8.11.1",
    "WEBSITE_AUTH_AUTO_AAD": "False",
    "FUNCTIONS_WORKER_RUNTIME": "dotnet",
    "WEBSITE_SITE_NAME": "newboFunctionTable",
    "WEBSITE_AUTH_LOGOUT_PATH": "/.auth/logout",
    "AzureWebJobsStorage": "DefaultEndpointsProtocol=https;AccountName=newbofunctiontable;AccountKey=/dsYUGar8dOMpsYOa9bBnYJX2rHYt29KsVBgSYFY6AzjV8B9VLSU6pogLsQjse5HX2z0kkNW8PZKT+C5sD1SBA==;EndpointSuffix=core.chinacloudapi.cn",
    "EventHubConnectionAppSetting": "Endpoint=sb://syntheticeventhubns2.servicebus.chinacloudapi.cn/;SharedAccessKeyName=PreviewDataPolicy;SharedAccessKey=iMPENtrCyN5gHQEVdQOdPtJVQDiI/j9bPCUZB2f1fXs=;EntityPath=transmitdataeventhub"
  }
}